Age(yr),LOM (g/cm2),ROM_cellulose (g/cm2),ROM_lignin(g/cm2),ROM (g/cm2),dt (cm),db (cm),rt (g/cm2),frp (g/cm2),crp(g/cm2),lrp(g/cm2),TOM (g/cm2),wi_t (g/cm2),V(cm3),db_corr (cm),BD (g/cm3),AFDW or OM %,OC Density (mg/cm3),C_Seq (g/m2/yr),OM Density (mg/cm3),Inorganic Matter(%),Inorganic Matter Density (mg/cm3),Necro_Mass (Mg/ha),LOM_A (g/cm2),ROM_A_cell (g/cm2),ROM_A_lig(g/cm2),ROM_A (g/cm2),LOM_Nr (g/cm2),ROM_Nr (g/cm2),Cumulative Nr (Mg/ha),Vol cont to cohort from litter,Vol cont to cohort from live root,Vol cont to cohort from necro root,Vol cont to cohort from inorganic,Vol cont % to cohort from litter,Vol cont % to cohort from live root,Vol cont %to cohort from necro root,Vol cont % to cohort from inorganic
0,0.027692730000000002,0.00733647,0.0083328,0.01566927,0.0,0.42212035333846815,0.0026140492766021364,0.000287545420426235,0.00013070246383010682,0.00011109709425559081,0.04571464434894192,0.016331716032239166,0.4221203623123677,0.4221203623123677,0.14698736644992022,73.67820460071233,50.32200349679609,212.41942348351802,108.29765259017103,26.321795399287666,38.689713859749205,4.3362,0.027692730000000002,0.00733647,0.0083328,0.01566927,0.0,0.0,0.0,0.3942,0.021387675899472026,0.0,0.006532686412895667,93.38568692601787,5.066724519592167,0.0,1.547588554389968
1,0.0029152185532727508,0.007436479769694057,0.008450789714693931,0.015887269484387987,0.42212035333846815,0.6089644110508684,0.0011535439843816666,0.00012688983828198334,5.767719921908333e-05,4.902561933622084e-05,0.01984067762360424,0.01618566550301712,0.1868440627794272,0.6089644161178953,0.19281502762627845,55.07269376153568,47.49039000217643,88.73297410986135,106.18842969084075,44.92730623846432,86.6265979354377,1.8802488037660738,0.002769272999999999,0.007256502477,0.00830030208,0.015556804557,0.0001459455532727516,0.00033046492738798665,0.047641048066073825,0.16660070506363633,0.00943808714494091,0.004331004369643075,0.006474266201206847,89.16564036627244,5.051317662730735,2.317978053579312,3.465063917417508
2,0.001288795557266039,0.0074348436435290694,0.008484239757744021,0.01591908340127309,0.6089644110508684,0.7805204075577397,0.0010572617136022564,0.0001162987884962482,5.2863085680112824e-05,4.49336228280959e-05,0.018159414500781162,0.01617603727593918,0.1715560012811135,0.7805204123319819,0.20014136212266867,52.88823522366862,47.1049696638004,80.81140235989753,105.85123437929144,47.11176477633138,94.29012774337725,1.720787895853913,0.0011630946599999997,0.0071774066000007,0.008267930901888,0.0154453375018887,0.00012570089726603932,0.000473745899384391,0.10758572773111685,0.1509857469262609,0.00865032311129119,0.0054495163331857305,0.006470414910375671,88.00959791482552,5.042273687130698,3.1765232883086933,3.7716051097350887
3,0.0006003223425583292,0.007426596316796118,0.008512016492504722,0.01593861280930084,0.7805204075577397,0.9456556899326275,0.0010159804621605857,0.00011175785083766442,5.079902310802929e-05,4.3179169641824894e-05,0.017453317567803696,0.016171909150795014,0.16513528700398797,0.9456556945617276,0.20362229859319333,51.90542717783359,46.926536610491866,77.49227091276721,105.69102391412082,48.09457282216641,97.9312746790725,1.6538935151859169,0.0004884997572,0.007099172868060693,0.008235685971370636,0.01533485883943133,0.00011182258535832922,0.0006037539698695096,0.17914338325390075,0.14384871451483028,0.00831256741767752,0.006505241411162171,0.006468763660318006,87.10961607579146,5.033792333843688,3.9393406032019502,3.917250987162899
4,0.00030885880986020544,0.007415596671762796,0.008537308386607257,0.015952905058370055,0.9456556899326275,1.1081228168271342,0.0009979289049278364,0.000109772179542062,4.9896445246391824e-05,4.241197845943305e-05,0.01715989988266531,0.01617010399507174,0.16246713144044062,1.108122821373068,0.2051492113034298,51.48484214286984,46.84916301048191,76.1144912469859,105.62074759691333,48.51515785713016,99.52846370651649,1.6261763868230261,0.000205169898024,0.007021791883798831,0.008203566796082291,0.015225358679881121,0.00010368891183620545,0.0007275463784889337,0.26226691228641463,0.1402775325264102,0.00816487285850048,0.007556684457501265,0.006468041598028695,86.34209964975902,5.02555365267446,4.6512081493058774,3.9811385482606596
5,0.00018543628571199072,0.007403474073144863,0.008561462436147601,0.015964936509292465,1.1081228168271342,1.2695095496808928,0.000989688881122265,0.00010886577692344915,4.948444405611325e-05,4.206177744769627e-05,0.01704109278801449,0.01616927999269118,0.16138673734266273,1.269509554169797,0.20578130103833803,51.31256098972459,46.8172885179416,75.556894451407,105.59165560074594,48.68743901027541,100.18964543759206,1.6150372795004455,8.617135717008001e-05,0.006945254352265424,0.00817157288557757,0.015116827237842995,9.926492854191071e-05,0.0008481092714494702,0.3570043322855528,0.13820907813648248,0.008097454481909442,0.008612492727194372,0.006467711997076473,85.63843622603973,5.017422506483048,5.336555449973553,4.007585817503684
6,0.00013313877500984906,0.007390916285212852,0.008585047916755077,0.015975964201967927,1.2695095496808928,1.4304874158422718,0.0009855916639785478,0.00010841508303764025,4.927958319892739e-05,4.188764571908829e-05,0.01699613547455847,0.01616887027097681,0.16097787060437682,1.4304874202852695,0.20602214218029033,51.24719592984396,46.80516726445618,75.34596159513838,105.58057086199507,48.75280407015604,100.44157131829525,1.6109102976977776,3.619197001143361e-05,0.006869551079825731,0.008139703751323817,0.015009254831149548,9.694680499841545e-05,0.0009667093708183791,0.4633699498672322,0.13677678910146346,0.008063931796188119,0.009669601598334496,0.0064675481083907235,84.96620596852686,5.0093418218993815,6.0067893568419395,4.0176628527318075
7,0.00011094506789415134,0.007378213283768955,0.008608305542184884,0.015986518825953838,1.4304874158422718,1.5913401545657921,0.0009832421067550886,0.00010815663174305975,4.916210533775443e-05,4.178778953709127e-05,0.01698238178992757,0.016168635315254462,0.16085274312544331,1.5913401589677152,0.2060954414643008,51.22733259147259,46.80148077895459,75.2814656562756,105.57719725478108,48.77266740852741,100.51824420951975,1.6097463893847987,1.5200627404802116e-05,0.006794672973055631,0.008107958906693654,0.014902631879749285,9.574444048934922e-05,0.0010838869462045531,0.5813330885366225,0.13561665915594623,0.008044708146177998,0.010723921697217293,0.0064674541261017845,84.31106397121474,5.001287506737897,6.666918753666569,4.02072976838079
8,0.00010149253226558656,0.0073654869780259615,0.008631337201726347,0.01599682417975231,1.5913401545657921,1.7521873766955438,0.0009816281662845868,0.00010797909829130454,4.9081408314229345e-05,4.171919706709494e-05,0.016981782061674024,0.01616847392120741,0.1608472264927923,1.7521873810585844,0.20609777803266588,51.226699638287265,46.80136328428551,75.27869480358923,105.57708971397774,48.773300361712735,100.52068831868813,1.6098316712017897,6.384263510016889e-06,0.006720611037649324,0.008076337866957549,0.014796948904606873,9.510826875556966e-05,0.0011998752751454372,0.7108314429267232,0.1345757560737899,0.008031503178692074,0.011772577671827336,0.006467389568482964,83.66681789183376,4.993249404304757,7.3191051711139545,4.020827532747525
9,9.743235904042342e-05,0.0073527882692141725,0.008654186125207408,0.01600697439442158,1.7521873766955438,1.9130792255239193,0.0009803222079109465,0.00010783544287020412,4.901611039554733e-05,4.166369383621523e-05,0.016986696740581855,0.01616834332537005,0.16089185315361942,1.9130792298491632,0.2060703473549745,51.23413124156077,46.80274271682067,75.30180008381342,105.57835221378778,48.76586875843923,100.49199514118672,1.6104406753462004,2.6813906742070937e-06,0.006647356377338947,0.008044840149276413,0.01469219652661536,9.475096836621633e-05,0.0013147778678062189,0.8517843265439667,0.13358979924808698,0.008020818064725927,0.012813898510658502,0.006467337330148019,83.03080400257154,4.9852232462433355,7.964292945537647,4.019679805647469
10,9.565417304007254e-05,0.007340138061094407,0.008676870755453104,0.01601700881654751,1.9130792255239193,2.074036440247633,0.0009791435350585483,0.00010770578885644031,4.895717675292742e-05,4.1613600239988304e-05,0.016993892171140276,0.016168225458084808,0.16095721901178187,2.074036444535701,0.20603063244275896,51.244894433894395,46.80474019689542,75.33560818661246,105.5801800967768,48.755105566105605,100.45045234598214,1.6112662989587583,1.1261840831669795e-06,0.006574900192825952,0.008013465272694236,0.014588365465520187,9.452798895690556e-05,0.001428643351027322,1.0041014605423897,0.13263174226912142,0.008011174377751758,0.013847012181674797,0.006467290183233923,82.40185999946542,4.9772072522981095,8.602914654397212,4.018018093839286
11,9.48415281797422e-05,0.007327544588617258,0.008699399060879565,0.016026943649496823,2.074036440247633,2.2350673119058637,0.0009780157936446086,0.00010758173730090694,4.890078968223044e-05,4.156567122989587e-05,0.01700199939195671,0.016168112683943414,0.16103087590954748,2.2350673161571804,0.2059860376995782,51.256985062494195,46.80698353153885,75.37369556767457,105.58223257449646,48.743014937505805,100.40380512508175,1.6121785177676564,4.729973149301314e-07,0.006503233780724149,0.007982212758130729,0.014485446538854878,9.436853086481206e-05,0.0015414971106419446,1.1676880246930652,0.1316901776015437,0.008001947402546799,0.014871505831879605,0.0064672450735773655,81.77945804350917,4.969200693562374,9.235189057925181,4.016152205003267
12,9.443725416242998e-05,0.007315010739993761,0.008721774583214496,0.016036785323208257,2.2350673119058637,2.396174859532616,0.0009769067189410458,0.00010745973908351504,4.884533594705229e-05,4.1518535554994454e-05,0.017010438624417628,0.016168001776473057,0.16110755184165856,2.396174863747522,0.20593969693921915,51.26955462307077,46.80931517179973,75.41334170713256,105.58436541283936,48.73044537692923,100.3553315263798,1.6131222577370687,1.9865887227065518e-07,0.006432348532514256,0.00795108212837402,0.014383430660888276,9.423859529015933e-05,0.001653354662319981,1.3424473504540793,0.1307602665432777,0.007992873154972192,0.01588721143281946,0.006467200710589223,81.16333781286237,4.961203285385301,9.861245640697152,4.01421326105519
13,9.420553808434926e-05,0.00730253715052692,0.008743998992931745,0.016046536143458665,2.396174859532616,2.5573598672657507,0.0009758026759935492,0.00010733829435929041,4.8790133799677466e-05,4.147161372972584e-05,0.017018964089937208,0.01616789137217831,0.16118501191193685,2.557359871444553,0.20589293674679307,51.28224368640537,46.81166840415828,75.45339329341893,105.58651755558691,48.71775631359463,100.30641919120617,1.6140741681543014,8.343672635367519e-08,0.00636223593350985,0.007920072908073362,0.014282308841583212,9.412210135799558e-05,0.0017642273018754536,1.528282290777424,0.12983992980281422,0.007983840076310858,0.016894085483940446,0.006467156548871323,80.55335186732626,4.953214930847798,10.481176434177701,4.01225676764825
14,9.404657726981226e-05,0.007290123509828332,0.008766073169042593,0.016056196678870926,2.5573598672657507,2.718622169734192,0.0009746979019403617,0.00010721676921343978,4.873489509701808e-05,4.142466083246537e-05,0.017027471367887063,0.016167780894772988,0.16126230661142796,2.7186221738771787,0.20584631933019637,51.294899743962944,46.81401493986081,75.49336030943807,105.58866312706205,48.705100256037056,100.25765620313432,1.615024325614074,3.504342506854358e-08,0.006292887561834592,0.007889184623731876,0.014182072185566469,9.401153384474371e-05,0.0018741244933044576,1.7250958934923442,0.1289282475362867,0.007974801015875686,0.017892145701356377,0.006467112357909195,79.94940060416457,4.945235612368791,11.095057535341267,4.010306248125375
15,9.391813284744289e-05,0.007277769114119798,0.008787997655369244,0.01606576676948904,2.718622169734192,2.8799611960924665,0.0009735899605175975,0.00010709489565693573,4.867949802587988e-05,4.1377573321997896e-05,0.017035915866802323,0.016167670100630714,0.16133903046572795,2.87996120019992,0.20580008365977012,51.30745782552404,46.816342742195914,75.53303347977113,105.59079112862975,48.69254217447596,100.20929253114036,1.6159684902336484,1.4718238528788305e-08,0.006224295087410596,0.00785841680369932,0.014082711891109916,9.390341460891411e-05,0.0019830548783791244,1.9327917227911482,0.12802478735771314,0.007965736040598526,0.018881439027163986,0.006467068040252285,79.35140491928794,4.937265345901919,11.702958033564501,4.0083717012456175
16,9.380232847168474e-05,0.007265473099557529,0.00880977285336024,0.016075245952917767,2.8799611960924665,3.041376200308558,0.0009724778214516393,0.00010697256035968032,4.8623891072581964e-05,4.133030741169467e-05,0.017044278320695928,0.016167558886724116,0.16141500828828897,3.0413762043807555,0.2057543320141788,51.31988999659425,46.81864664863453,75.57232236835817,105.59289685290386,48.68011000340575,100.16143516127495,1.616904828138945,6.181660182091089e-09,0.00615645027095782,0.007827768978164893,0.013984219249122715,9.379614681150265e-05,0.002091026703795053,2.151274007851804,0.12712932209802633,0.007956636720967957,0.01986202591460505,0.006467023554689646,78.75929471872402,4.929304161579149,12.30494371324583,4.006457406450998
17,9.369159855597385e-05,0.007253234540779296,0.008831399103586886,0.016084633644366183,3.041376200308558,3.202866358673129,0.0009713610489529359,0.00010684971538482295,4.85680524476468e-05,4.128284458049978e-05,0.0170525501869798,0.01616744720947425,0.16149016240178787,3.2028663627103455,0.20570910885458557,51.33218399589644,46.820924404947945,75.61118685956869,105.59497825355476,48.66781600410356,100.11413060103081,1.6178325242922158,2.596297276478258e-09,0.00608934496300438,0.00779724067915005,0.01388658564215443,9.368900225869737e-05,0.0021980480022117527,2.3804477082988487,0.12624171125865188,0.007947499491433111,0.02083397276791318,0.006466978883789699,78.17300408960035,4.921352095528714,12.901078590829707,4.004565224041228
18,9.358274122329223e-05,0.0072410524925052115,0.008852876720204378,0.01609392921270959,3.202866358673129,3.3644308111170327,0.0009702394588356214,0.00010672634047191835,4.851197294178107e-05,4.123517700051392e-05,0.01706072746688494,0.016167335050462514,0.16156445644641174,3.364430815119541,0.2056644341719349,51.344334199377414,46.823174988118105,75.64960816050517,105.59703441049682,48.655665800622586,100.06739976143807,1.6187511953932883,1.0904448561208684e-09,0.006022971102907632,0.007766831440501365,0.013789802543408997,9.358165077843611e-05,0.0023041266693005925,2.6202185403067517,0.1253618512168532,0.007938322845018721,0.021797348364354804,0.006466934020185005,77.59246926840845,4.913409186414546,13.491425554719472,4.002695990457518
19,9.347440140197123e-05,0.007228926007077738,0.008874206005539353,0.01610313201261709,3.3644308111170327,3.5260686787488003,0.0009691129736418002,0.00010660242710059802,4.8455648682090013e-05,4.118730137977651e-05,0.01706880809029668,0.016167222401943133,0.161637871599838,3.5260686827168706,0.20562031758572816,51.35633779816764,46.82539789713879,75.68757652909039,105.59906488099165,48.64366220183236,100.02125270473653,1.6196606414019061,4.579868395707648e-10,0.005957320717885939,0.00773654079788341,0.013693861515769349,9.347394341513165e-05,0.0024092704968477416,2.8704929843330387,0.12448965430687443,0.007929106147978364,0.02275222218420794,0.006466888960777253,77.01762778408127,4.9054754739707365,14.076046633758533,4.000850108189456
20,9.336600563734138e-05,0.007216854141835829,0.008895387256280217,0.016112241398116046,3.5260686787488003,3.6877790713286127,0.0009679815614259697,0.00010647797175685667,4.8399078071298485e-05,4.1139216360603716e-05,0.017076790809036763,0.01616710926072155,0.16171039651371374,3.687779075262514,0.20557676430494132,51.36819318191661,46.827592853107056,75.72508608058686,105.60106942529565,48.63180681808339,99.97569487964567,1.6205607403753388,1.9235447261972124e-10,0.005892385922060982,0.0077063682887716645,0.013598754210832648,9.336581328286877e-05,0.002513487187283399,3.131178284389666,0.12362504002897381,0.007919849138939752,0.023698663641511523,0.00646684370428862,76.4484180944358,4.89755099837883,14.655003111999527,3.999027795185824
21,9.325731129488523e-05,0.007204835962193996,0.008916420766119227,0.016121256728313223,3.6877790713286127,3.849561090483442,0.0009668452098867588,0.00010635297308754347,4.8342260494337945e-05,4.1090921420187255e-05,0.01708467472850619,0.01616699562556763,0.16178202305482878,3.8495610943834415,0.20553377764848849,51.37989925493491,46.829759672388576,75.7621325897046,105.6030478906553,48.62010074506509,99.93072975783318,1.6214514039608108,8.078887850028293e-11,0.005828158915510517,0.007676313452445455,0.013504472367955971,9.325723050600673e-05,0.0026167843603572515,3.4021824434759913,0.12276793135222591,0.007910551717255299,0.02463674173512053,0.006466798250227052,75.88477942980057,4.889635800001321,15.228355579884798,3.9972291903133264
22,9.314821578130494e-05,0.007192870542906784,0.008937306826895067,0.01613017736980185,3.849561090483442,4.011413831119826,0.000965703915433071,0.0001062274306976378,4.828519577165355e-05,4.104241640590552e-05,0.017092459109472918,0.01616688149612226,0.16185274450274814,4.0114138349861905,0.20549136011116817,51.391455146881285,46.8318982129689,75.79871256042378,105.6050001622473,48.608544853118715,99.88635994892087,1.6223325585583155,3.3931328970118835e-11,0.005764631983331453,0.007646375829980918,0.013411007813312371,9.314818184997598e-05,0.00271916955648948,3.6834142173099367,0.1219182531567609,0.007901213853543308,0.025566524893995055,0.006466752598448903,75.32665172365415,4.8817299192656884,15.796163959123321,3.9954543979568435
23,9.303867580692008e-05,0.0071809569685666675,0.008958045729101515,0.016139002697668183,4.011413831119826,4.173336382073802,0.000964557678560027,0.00010610134464160297,4.822788392800135e-05,4.099370133880115e-05,0.01710014328417913,0.016166766872434957,0.16192255478696607,4.173336385906793,0.20544951381468607,51.40286009032703,46.83400835175196,75.83482283229793,105.60692614242018,48.59713990967297,99.84258767226589,1.6232041373475103,1.4251158167449912e-11,0.00570179749471314,0.007616554964243992,0.013318352458957131,9.303866155576191e-05,0.002820650238711052,3.9747831073366187,0.12107593157462081,0.007891835551854767,0.026488080911516488,0.006466706748973983,74.77397557981638,4.873833396612155,16.358487516680807,3.9937035068906406
24,9.292867321770809e-05,0.007169094333778149,0.008978637762127924,0.016147732095906073,4.173336382073802,4.335327826437877,0.0009634065018906761,0.00010597471520797437,4.817032509453381e-05,4.094477633035374e-05,0.01710772662082539,0.01616665175476802,0.16199144816395622,4.335327830237758,0.2054082406987032,51.414113368903145,46.83608997494418,75.87046041378557,105.60882574190072,48.585886631096855,99.79941495680248,1.6240660769123783,5.985486430328964e-12,0.0056396479020207665,0.007586850399883441,0.013226498301904206,9.292866723222167e-05,0.0029212337940018665,4.2761993534600276,0.12024089370808812,0.007882416833650987,0.027401476920309892,0.006466660701907208,74.22669225500647,4.865946272468016,16.9153848742534,3.9919765982720974
25,9.281820053542756e-05,0.0071572817431951406,0.008999083214386038,0.01615636495758118,4.335327826437877,4.497387241751217,0.0009622503893441302,0.00010584754282785433,4.811251946720651e-05,4.089564154712554e-05,0.017115208508526325,0.016166536143513367,0.16205941908037194,4.497387245518249,0.20536754260197498,51.4252142953011,46.838142973972836,75.90562241165462,105.61069887605943,48.5747857046989,99.75684372591557,1.6249183158116607,2.513904300738165e-12,0.00557817573988874,0.007557261683323895,0.013135437423212635,9.281819802152326e-05,0.0030209275343685456,4.587573926699034,0.1194130675066049,0.007872957730997429,0.028306779385364262,0.006466614457405347,73.6847436478734,4.858068587233986,17.466914015855977,3.990273749036634
26,9.270725483802582e-05,0.007145518311500657,0.00901938237338841,0.016164900684889065,4.497387241751217,4.6595137001317894,0.0009610893457793976,0.00010571982803573374,4.805446728896988e-05,4.08462971956244e-05,0.01712258835092855,0.016166420039156894,0.16212646211501322,4.659513703866231,0.2053274212970243,51.4361622019003,46.84016724374507,75.94030600103935,105.61254546331661,48.5638377980997,99.71487583370771,1.6257607939727092,1.0558398063100295e-12,0.005517373624323953,0.007527788362758932,0.013045161987082884,9.270725378218601e-05,0.0031197386978061813,4.90881852185787,0.11859238171035202,0.007863458283649616,0.029204054105348792,0.006466568015662757,73.14807229076649,4.850200381274739,18.01313229461043,3.988595033348316
27,9.259583516952516e-05,0.007133803163362211,0.009039535525806025,0.016173338689168235,4.6595137001317894,4.821706268383807,0.0009599233768403585,0.00010559157145243943,4.799616884201793e-05,4.079674351571524e-05,0.017129865563494082,0.01616630344226299,0.16219257195412412,4.821706272085914,0.20528787850515637,51.446956436736734,46.84216268189477,75.97450841270008,105.61436542444882,48.553043563263266,99.67351308070755,1.626593452433776,4.434527186502124e-13,0.005457234251818822,0.007498429988144172,0.012955664239962994,9.259583472607245e-05,0.003217674449205241,5.239845550251002,0.1177787658218768,0.007853918537784752,0.030093366217557396,0.006466521376905196,72.61662134267796,4.842341694912033,18.554096439181723,3.9869405232283013
28,9.248394144351962e-05,0.007122135433377022,0.009059542957516759,0.01618167839089378,4.821706268383807,4.983964008094568,0.0009587524888856271,0.00010546277377741898,4.7937624444281356e-05,4.0746980777639156e-05,0.017137039572334367,0.016166186353467515,0.16225774338079035,4.983964011764597,0.2052489159031697,51.45759636173064,46.84412918844945,76.00822692756012,105.61615868228102,48.54240363826936,99.63275722088869,1.62741623323373,1.8625014183308923e-13,0.005397750398473997,0.00746918611119041,0.012866936509664407,9.248394125726948e-05,0.0033147418812293737,5.580568132499666,0.11697215008955143,0.007844338545427858,0.03097478020442403,0.006466474541387006,72.09033458270056,4.834492568418493,19.089862560045393,3.9853102888355405
29,9.237157397872786e-05,0.007110514266012988,0.009079404953649624,0.01618991921966261,4.983964008094568,5.146285975726664,0.0009575766889543223,0.00010533343578497545,4.7878834447716116e-05,4.06970092805587e-05,0.01714410981370023,0.016166068773474387,0.16232197127030093,5.146285979364869,0.20521053512654797,51.468081351870055,46.84606666567386,76.0414588743212,105.61792516153957,48.531918648129945,99.59260996500838,1.6282290793641339,7.822505956989749e-14,0.00533891491913063,0.007440056285356767,0.012778971204487398,9.237157390050279e-05,0.003410948015175214,5.930900091407238,0.11617246549605112,0.007834718364171728,0.03184835990068833,0.006466427509389755,71.56915640372493,4.826653042011941,19.620486155662793,3.983704398600338
30,9.225873330201428e-05,0.007098938815547951,0.009099121798626863,0.016198060614174815,5.146285975726664,5.308671222708062,0.0009563959847470117,0.00010520355832217128,4.781979923735059e-05,4.0646829351748e-05,0.01715107573374914,0.016165950703053655,0.16238525058803183,5.308671226314695,0.2051727377711629,51.47841079479903,46.847975017989086,76.07420162838004,105.61966478877503,48.52158920520097,99.55307298238787,1.629031934747683,3.285452501935695e-14,0.0052807207465121065,0.007411040065843876,0.012691760812355983,9.225873326915976e-05,0.0035062998018188327,6.290755944916036,0.11537964374898943,0.007825058057021005,0.03271416850079993,0.006466380281221462,71.05303180626011,4.818823155849925,20.14602211859446,3.98212291929551
31,9.214542006459401e-05,0.00708740824600831,0.009118693776204782,0.016206102022213092,5.308671222708062,5.471118795521143,0.0009552103846130473,0.0001050731423074352,4.776051923065237e-05,4.059644134605451e-05,0.017157936788429428,0.016165832143040258,0.16244757638839272,5.4711187990964545,0.20513552539433777,51.48858409057726,46.8498541519221,76.10645261129406,105.62137749231107,48.51141590942274,99.51414790202669,1.6298247442277685,1.379890050812992e-14,0.0052231608903751245,0.007382137009587085,0.01260529789996221,9.214542005079511e-05,0.003600804122250882,6.660050899146204,0.11459361727250918,0.007815357692288569,0.033572268566378884,0.006466332857216104,70.54190639233026,4.811002950024311,20.666524741564384,3.98056591608106
32,9.203163500613192e-05,0.007075921731107427,0.009138121169513699,0.016214042900621124,5.471118795521143,5.6336277357911255,0.0009540198975406374,0.00010494218872947011,4.770099487703187e-05,4.054584564547709e-05,0.01716469244341383,0.01616571309433302,0.16250894381422257,5.633627739335365,0.20509889951564556,51.49860065151242,46.851703976070446,76.13820929047803,105.62306320220904,48.50139934848758,99.4758363134365,1.6306074535627255,5.795538213414567e-15,0.005166228436670035,0.007353346675249696,0.012519575111919732,9.203163500033638e-05,0.0036944677887013923,7.038700841516377,0.11381431919932297,0.007805617343514306,0.03442272203365208,0.006466285237733208,70.03572635942643,4.803192464556015,21.182047723480096,3.9790334525374518
33,9.19173789391098e-05,0.007064478454184029,0.009157404261097169,0.0162218827152812,5.6336277357911255,5.796197080374082,0.0009528245331480773,0.00010481069864628851,4.764122665740387e-05,4.049504265879329e-05,0.01717134217405358,0.01616559355789376,0.16256934809637186,5.796197083887497,0.2050628616175854,51.508459902023915,46.853524401072164,76.16946917899745,105.62472185023678,48.491540097976085,99.43813976734864,1.6313800094220308,2.4341260496341183e-15,0.005109916546710332,0.007324668623216222,0.012434585169926553,9.191737893667567e-05,0.0037872975453546454,7.426622333945508,0.1130416833629908,0.007795837089393361,0.035265590220830194,0.006466237423157504,69.53443849450585,4.795391739389858,21.692644175410354,3.9775255906939417
34,9.180265274177121e-05,0.0070530776081406685,0.009176543332950536,0.016229620941091205,5.796197080374082,5.958825861444606,0.0009516243016754646,0.00010467867318430111,4.758121508377324e-05,4.0444032821207253e-05,0.017177885465340895,0.0161654735347465,0.16262878455336127,5.9588258649274435,0.20502741314620598,51.518161278519884,46.85531533957816,76.20022983540076,105.62635336983969,48.481838721480116,99.40105977636631,1.6321423593832978,1.0223329408463299e-15,0.0050542184563511896,0.007296102415585678,0.012350320871936868,9.180265274074888e-05,0.0038793000691543372,7.823732606135017,0.11227564429034445,0.007786017013708347,0.036100933835409875,0.0064661894138986,69.03799016803504,4.787600814389425,22.19836662652087,3.9760423910546616
35,9.16874573546955e-05,0.007041718395382291,0.009195538666558874,0.016237257061941165,5.958825861444606,6.1215131065831745,0.0009504192139766333,0.00010454611353742966,4.7520960698831663e-05,4.0392816594006914e-05,0.01718432181187483,0.016165353025976617,0.16268724859107092,6.121513110035678,0.20499255551170326,51.52770422928036,46.85707670622642,76.23048886356754,105.62795769611381,48.47229577071964,99.36459781558943,1.632894451929586,4.2937983515545857e-16,0.004999127475176962,0.007267647616164895,0.012266775091341857,9.168745735426612e-05,0.003970481970599309,8.229949548930374,0.11151613719402079,0.007776157205263363,0.036928812981396136,0.006466141210390647,68.54632932807577,4.779819729331975,22.699267029968674,3.9745839126235865
36,9.15717937789088e-05,0.007030400027754916,0.009214390542934308,0.016244790570689224,6.1215131065831745,6.284257838863202,0.0009492092815112024,0.00010441302096623227,4.746046407556012e-05,4.034139446422611e-05,0.017190650717828215,0.016165232032730074,0.16274473570243944,6.284257842285614,0.20495829008900046,51.53708821434352,46.85880841761598,76.26024391256158,105.62953476577826,48.46291178565648,99.32875532322221,1.6336362364468133,1.8033953076529262e-16,0.004944636985697533,0.007239303790461851,0.012183940776159384,9.157179377872845e-05,0.0040608497945298395,8.645191707761231,0.11076309796508695,0.007766257757818929,0.037749287166441534,0.006466092813092029,68.05940449441319,4.772048523903509,23.195396768754403,3.9731502129288883
37,9.145566307464655e-05,0.007019121726484433,0.00923309924265273,0.016252220969137164,6.284257838863202,6.447059076937806,0.0009479945163366641,0.00010427939679703305,4.739972581683321e-05,4.028976694430823e-05,0.01719687169691481,0.01616511055621262,0.16280124146716513,6.447059080330368,0.2049246182183203,51.54631270539307,46.8605103922816,76.28949267648447,105.63108451714828,48.45368729460693,99.29353370117202,1.6343676632211812,7.57426029214229e-17,0.00489074044255343,0.00721107050567905,0.01210181094823248,9.14556630745708e-05,0.0041504100209046844,9.069378276159158,0.1100164631657505,0.007756318770027253,0.03856241530890232,0.006466044222485048,67.57716475272665,4.764287237693823,23.68680666153265,3.9717413480468844
38,9.13390663603921e-05,0.007007882722115532,0.009251665045889921,0.016259547768005454,6.447059076937806,6.609915835126261,0.0009467749311005051,0.00010414524242105556,4.733874655502526e-05,4.0237934571771474e-05,0.0172029842723563,0.016164988597689004,0.16285676155140563,6.609915838489211,0.20489154120575298,51.555377185647245,46.86218255067,76.31823289432904,105.6326068901118,48.444622814352755,99.25893431564118,1.6350886834365845,3.1811893226997623e-17,0.004837431371729597,0.007182947330706901,0.0120203787024365,9.13390663603603e-05,0.004239169065568954,9.50242908935209,0.10927617002215027,0.00774634034536777,0.039368255744811946,0.006465995439075602,67.09955974880252,4.756535910191634,24.173546968380172,3.970357372625646
39,9.122200481203303e-05,0.006996682254450743,0.009270088232457079,0.016266770486907823,6.609915835126261,6.772827123500157,0.0009455505390323555,0.0001040105592935591,4.727752695161778e-05,4.018589790887511e-05,0.01720898797684898,0.01616486615848219,0.1629112917074745,6.772827126833735,0.20485906032380913,51.564281149748034,46.863824815114,76.34646234983016,105.63410182610087,48.435718850251966,99.22495849770824,1.6357992491719857,1.3360995155339004e-17,0.004784703369777744,0.007154933836117145,0.01193963720589489,9.122200481201967e-05,0.004327133281012934,9.944264617934586,0.1085421564172264,0.007736322592082908,0.04016686623477231,0.0064659464633928755,66.62653968279007,4.748794580779792,24.655667396521796,3.9689983399083273
40,9.11044796620685e-05,0.006985519572489608,0.009288369081835751,0.016273888654325358,6.772827123500157,6.93579194796925,0.0009443213539361554,0.0001038753489329771,4.721606769680777e-05,4.013365754228661e-05,0.017214882352529968,0.01616474323997257,0.1629648277735342,6.935791951273691,0.20482717681197418,51.573024103651534,46.86543710980913,76.37417887131426,105.6355692680684,48.426975896348466,99.19160754390579,1.6364993133987427,5.6116179652423825e-18,0.004732550103047167,0.0071270295941562875,0.011859579697203453,9.110447966206289e-05,0.004414308957121905,10.394805961612983,0.1078143608836678,0.007726265623113998,0.04095830397076334,0.0064658972959890275,66.15805530349971,4.741063288730551,25.133217106013504,3.967664301756223
41,9.098649219883891e-05,0.006974393934367975,0.009306507873212182,0.016280901807580156,6.93579194796925,7.0988093103669945,0.0009430873901823442,0.00010373961292005786,4.7154369509117216e-05,4.0081214082749634e-05,0.017220666950943105,0.016164619843597187,0.16301736567328529,7.098809313642535,0.20479589187725009,51.58160556451864,46.867019360788625,76.40138033154625,105.63700916046122,48.41839443548136,99.15888271678888,1.6371888299778994,2.356879545401801e-18,0.004680965306923953,0.007099234178739078,0.01178019948566303,9.098649219883655e-05,0.004500702321917125,10.853974843024579,0.10709272259693665,0.007716169556037362,0.04174262558287238,0.006465847937438875,65.69405790274443,4.733342073200893,25.606244715383117,3.9663553086715573
42,9.086804376576637e-05,0.006963304607297419,0.009324504885511077,0.016287809492808496,7.0988093103669945,7.261878208535774,0.0009418486627000793,0.00010360335289700872,4.709243313500397e-05,4.0028568164753374e-05,0.01722634133300433,0.01616449597084896,0.1630689014156517,7.261878211782646,0.20476520669469858,51.59002506060671,46.868571495900845,76.42806464757466,105.63842144919813,48.40997493939329,99.12678524550043,1.6378677536574262,9.898894090687564e-19,0.004629942785078482,0.007071547165441995,0.011701489950520477,9.086804376576538e-05,0.0045863195422880185,11.321693601629958,0.10637718136836799,0.0077060345130006485,0.042519887145943486,0.0064657983883395845,65.23449930972411,4.725630973227987,26.074798307227905,3.965071409820011
43,9.074913576060119e-05,0.006952250867504778,0.009342360397428792,0.01629461126493357,7.261878208535774,7.424997636411798,0.0009406051869694318,0.00010346657056663749,4.703025934847159e-05,3.9975720446200855e-05,0.017231905068966658,0.016164371623275896,0.16311943109446178,7.424997639630235,0.2047351224079673,51.59828213116155,46.870093444784,76.45422978057414,105.63980608164191,48.40171786883845,99.09531632632537,1.638536040069417,4.157535518088777e-19,0.004579476408721126,0.007043968131496771,0.011623444540217898,9.074913576060077e-05,0.00467116672471567,11.797885187677585,0.10566767763834453,0.007695860620658987,0.04329014418614792,0.006465748649310358,64.7793318854532,4.7179300277245,26.538925433769307,3.963812653053008
44,9.062976963466969e-05,0.006941232000171821,0.009360074687465936,0.016301306687637757,7.424997636411798,7.588166584109693,0.000939356979013689,0.00010332926769150579,4.6967848950684456e-05,3.9922671608081785e-05,0.017237357738384747,0.016164246802480322,0.1631689508881262,7.588166587299924,0.20470564012982018,51.60637632631021,46.87158513884369,76.47987373568614,105.6411630065773,48.39362367368979,99.06447712324288,1.6391936457272427,1.7461649175972866e-19,0.004529560115866066,0.007016496655783934,0.01154605677165,9.062976963466951e-05,0.0047552499159877575,12.282473156239828,0.10496415246954545,0.007685648010112001,0.04405345168747661,0.006465698720992129,64.32850851723144,4.710239275474367,26.99867312236447,3.9625790849297164
45,9.050994689212863e-05,0.006930247299375041,0.009377648033959404,0.016307895333334446,7.588166584109693,7.75138403800675,0.0009381040553915598,0.00010319144609307158,4.690520276957799e-05,3.986942235414129e-05,0.01724269893007898,0.01616412151011811,0.1632174570593107,7.751384041169004,0.20467676094265794,51.61430720695444,46.87304651122977,76.50499456185722,105.64249217418721,48.38569279304556,99.03426876847072,1.6398405280226576,7.333892653908605e-20,0.004480187910603126,0.006989132318826376,0.011469320229429501,9.050994689212856e-05,0.004838575103904945,12.775381661319535,0.10426654754026819,0.007675396816840035,0.04480986409815522,0.006465648604047245,63.88198261315843,4.702558755128083,27.454087880974644,3.9613707507388307
46,9.038966908921665e-05,0.006919296068025562,0.009395080715113842,0.016314376783139403,7.75138403800675,7.9146489808268505,0.0009368464331895121,0.00010305310765084633,4.684232165947561e-05,3.9815973410554267e-05,0.01724792824209918,0.016163995747897904,0.16326494595460625,7.914648983961356,0.20464848589902992,51.62207434466478,46.874477496812816,76.52959035167542,105.64379353602804,48.37792565533522,99.00469236300187,1.640476645222862,3.0802349146416143e-20,0.004431353862377552,0.006961874702782953,0.011393228565160505,9.038966908921663e-05,0.004921148217978897,13.276535450026348,0.10357480513782277,0.007665107180641463,0.045559435336982854,0.006465598299159161,63.439708096691156,4.694888505198568,27.905215703590212,3.9601876945200707
47,9.026893783351234e-05,0.006908377617809182,0.009412373009032547,0.01632075062684173,7.9146489808268505,8.077960391724064,0.0009355841300140783,0.00010291425430154862,4.677920650070392e-05,3.976232552559833e-05,0.017253045281687914,0.01616386951758036,0.163311414004195,8.077960394831045,0.20462081602214255,51.62967732157519,46.87587803216136,76.55365924120439,105.64506704500621,48.37032267842481,98.97574897713633,1.6411019564675242,1.2936986641494783e-20,0.0043830521052776366,0.0069347233914420995,0.011317775496719737,9.026893783351233e-05,0.005002975130121993,13.785859856821897,0.1028888681519976,0.007654779245569732,0.0463022187995955,0.0064655478070321445,63.00163940124521,4.687228564056829,28.352102075612507,3.9590299590854463
48,9.01477547831928e-05,0.006897491269126531,0.009429525193747798,0.01632701646287433,8.077960391724064,8.241317246365893,0.0009343171639841812,0.00010277488803825993,4.671585819920906e-05,3.9708479469327705e-05,0.017258049665243285,0.01616374282097737,0.16335685772151173,8.241317249445576,0.2045937523063622,51.6371157302785,46.87724805551952,76.57719940981521,105.6463126553556,48.3628842697215,98.9474396510066,1.6417164217657523,5.43353438942781e-21,0.0043352768373301105,0.006907677970215475,0.011242954807545585,9.01477547831928e-05,0.0050840616553287435,14.30328079783309,0.10220868006859624,0.007644413159870574,0.04703826736465397,0.006465497128390949,62.567731464840016,4.679578969927698,28.79479197919201,3.9578975860402688
49,9.002612164629394e-05,0.006886636351033363,0.009446537547250635,0.016333173898284,8.241317246365893,8.40471851701619,0.0009330455537235018,0.0001026350109095852,4.665227768617509e-05,3.965443603324883e-05,0.017262941018281443,0.016163615659951305,0.16340127370290272,8.404718520068796,0.20456729571771382,51.644389173722494,46.8785875067852,76.60020908001673,105.64753032261588,48.355610826277506,98.91976539509795,1.6423200019930293,2.2820844435596804e-21,0.004288022319803212,0.006880738026131634,0.011168760345934847,9.002612164629394e-05,0.005164413552349152,14.828724765232634,0.10153418496304406,0.00763400907591956,0.0477676333999586,0.006465446263980522,62.13793972478708,4.671939760885687,29.233329898523326,3.956790615803913
50,8.990404017997365e-05,0.006875812201180963,0.009463410347520074,0.016339222548701036,8.40471851701619,8.568163172617721,0.0009317693183528721,0.00010249462501881593,4.6588465917643606e-05,3.9600196029997065e-05,0.017267718975398593,0.01616348803641424,0.16344465862728016,8.568163175643472,0.2045414471943641,51.651497265106485,46.87989632748621,76.62268651728301,105.6487200036062,48.348502734893515,98.89272719075788,1.642912658888101,9.584754662950658e-22,0.004241282876517358,0.00685390314782972,0.011095186024347078,8.990404017997365e-05,0.005244036524353958,15.362118821686026,0.10086532749406435,0.007623567150159863,0.04849036876849029,0.006465395214565696,61.7122201124223,4.664310974850928,29.667759825096464,3.9557090876303325
51,8.978151218977753e-05,0.006865018165756686,0.009480143872551772,0.016345162038308457,8.568163172617721,8.731650178874379,0.0009304884774826588,0.00010235373252309246,4.652442387413294e-05,3.9545760293013004e-05,0.017272383180232626,0.01616335995232722,0.16348700925577292,8.731650181873494,0.20451620764711723,51.658439627778804,46.881174460761045,76.64463002987948,105.64988165640878,48.341560372221196,98.86632599070843,1.6434943550498233,4.0255969584392763e-22,0.004195052893163319,0.006827172925553185,0.011022225818716504,8.978151218977753e-05,0.005322936219591953,15.9033905948642,0.10020205289742276,0.007613087543039936,0.049206524834379366,0.006465343980930888,61.290529047881826,4.656692649585006,30.09812526290484,3.954653039628339
52,8.96585395289054e-05,0.006854253599424619,0.009496738400386154,0.01635099199981077,8.731650178874379,8.895178498333056,0.0009292030512052675,0.00010221233563257943,4.646015256026338e-05,3.949112967622387e-05,0.017276933285424418,0.01616323140969948,0.1635283224313745,8.895178501305754,0.20449157795987954,51.66521589513483,46.88242185133391,76.66603796868685,105.65101524033973,48.33478410486517,98.84056271953983,1.6440650539339678,1.6907507225444964e-22,0.004149326816627838,0.006800546951143527,0.010949873767771366,8.96585395289054e-05,0.005401118232039405,16.452468272021033,0.09954430697973969,0.007602570418952189,0.04991615246880282,0.006465292563879792,60.87282343492148,4.649084822687303,30.524469233609604,3.953622508781612
53,8.953512409748466e-05,0.006843517865266374,0.009513194209135982,0.016356712074402355,8.895178498333056,9.058747090465145,0.0009279130600875,0.000102070436609625,4.6395653004375005e-05,3.9436305053718756e-05,0.017281368952578587,0.016163102410587705,0.16356859507858587,9.058747093411641,0.2044675589901482,51.6718257105156,46.88363844549677,76.68690872702253,105.65212071593506,48.3281742894844,98.81543827421315,1.644624719849984,7.101153034686885e-23,0.004104099154326595,0.006774024818034068,0.010878123972360662,8.953512409748466e-05,0.005478588102041692,17.009280594634948,0.09889203611236966,0.007592015946170455,0.0506193020558107,0.006465240964235082,60.45906065578015,4.6414875315905855,30.946834281660767,3.9526175309685105
54,8.941126784183838e-05,0.006832810334721994,0.009529511577013379,0.016362321911735374,9.058747090465145,9.222354911747688,0.0009266185251631397,0.00010192803776794536,4.6330926258156986e-05,3.938128731943344e-05,0.01728568985222404,0.01616297295709527,0.16360782420305667,9.222354914668202,0.20444415156946005,51.67826872710734,46.884824191084036,76.70724074046099,105.6531980449202,48.32173127289266,98.79095352453986,1.6451733179577215,2.982484274568492e-23,0.004059364473544435,0.006747606121243734,0.01080697059478817,8.941126784183838e-05,0.005555351316947205,17.573756853113853,0.09824518722534699,0.0075814242967893256,0.05131602349808221,0.006465189182838107,60.04919856608635,4.633900813557597,31.365262479374426,3.9516381409815966
55,8.928697275376396e-05,0.0068221303875310065,0.009545690782356335,0.01636782116988734,9.222354911747688,9.386000915744166,0.0009253194679254348,0.00010178514147179783,4.626597339627174e-05,3.932607738683098e-05,0.017289895663773997,0.016162843051371497,0.1636460068912213,9.38600091863891,0.20442135650387172,51.68454460784139,46.88597903745558,76.72703248665135,105.65424719019806,48.31545539215861,98.76710931367366,1.6457108142641106,1.2526433953187669e-23,0.0040151174007828005,0.006721290457370884,0.010736407858153683,8.928697275376396e-05,0.005631413311733658,18.145826881562595,0.09760370780139713,0.007570795646662649,0.052006366222612926,0.006465137220548599,59.64319548980882,4.626324705677117,31.77979543196711,3.9506843725469585
56,8.916224086981057e-05,0.006811477411673585,0.00956173210365466,0.016373209515328245,9.386000915744166,9.549684053184913,0.0009240159103196388,0.00010164175013516027,4.6200795515981944e-05,3.927067618858465e-05,0.01729398607548573,0.01616271269561092,0.1636831403099328,9.5496840560541,0.20439917457440365,51.69065302529506,46.887102935473294,76.74628248513359,105.65526811582211,48.30934697470494,98.74390645858153,1.6462371756198055,5.261102260338821e-24,0.003971352621114268,0.006695077424587137,0.010666430045701406,8.916224086981057e-05,0.0057067794696268395,18.725421052612262,0.09696754587001277,0.007560130175342499,0.05269037918633318,0.006465085078244367,59.24101021425019,4.618759244860191,32.19047428254635,3.94975625834327
57,8.903707427055907e-05,0.00680085080331185,0.009577635819575414,0.016378486622887264,9.549684053184913,9.71340327204717,0.0009227078747355982,0.0001014978662209158,4.613539373677991e-05,3.9215084676262926e-05,0.01729796078441986,0.016162581892052514,0.16371922170609246,9.713403274891006,0.2043776065374936,51.69659366159307,46.888195837481284,76.76498929715264,105.65626078697754,48.30340633840693,98.72134575051605,1.6467523697157822,2.2096629493423052e-24,0.003928064877544122,0.006668966622631247,0.01059703150017537,8.903707427055907e-05,0.005781455122711894,19.31247027231051,0.09633665000159428,0.007549428066018531,0.053368110881658666,0.006465032756821006,58.84260198508463,4.611204467836531,32.59733971705821,3.9488538300206346
58,8.891147507990577e-05,0.0067902499667312965,0.009593402208987814,0.01638365217571911,9.71340327204717,9.877157517634748,0.0009213953840003091,0.000101353492240034,4.606976920001546e-05,3.9159303820013136e-05,0.017301819496399296,0.016162450642978984,0.1637542484062761,9.877157520453446,0.20435665312543883,51.70236620830943,46.88925769728458,76.78315152547026,105.657225169959,48.29763379169057,98.69942795547982,1.6472563650799017,9.280584387237683e-25,0.003885248970378891,0.006642957652802985,0.010528206623181876,8.891147507990577e-05,0.0058554455525372355,19.906905975072224,0.09571096930165342,0.007538689505457074,0.05403960934197401,0.006464980257191594,58.44793050143862,4.603660411150679,33.00043196919151,3.9479771182191907
59,8.878544546434611e-05,0.006779674314282346,0.00960903155098761,0.016388705865269956,9.877157517634748,10.040945732657338,0.000920078461370642,0.00010120863075077062,4.60039230685321e-05,3.910333460825229e-05,0.017305561925967883,0.016162318950716018,0.16378821781635808,10.040945735451105,0.2043363150468417,51.70797036637048,46.890288470130734,76.80076781417597,105.65816123215433,48.29202963362952,98.67815381468736,1.6477491310734302,3.897845442639827e-25,0.003842899756601761,0.006617050117957053,0.010459949874558814,8.878544546434611e-05,0.005928755990711142,20.50866011868977,0.09509045340508013,0.007527914683941616,0.054704922147049896,0.006464927580286407,58.056955911014946,4.596127111158895,33.399790825238675,3.9471261525874746
60,8.865898763226758e-05,0.0067691232663220375,0.009624524124920946,0.016393647391242983,10.040945732657338,10.204766857309423,0.000918757130525917,0.00010106328435785087,4.593785652629585e-05,3.9047178047351474e-05,0.017309187796348574,0.016162186817631544,0.16382112742113056,10.204766860078468,0.20431659298703428,51.713405845958235,46.89128811268752,76.81783684849505,105.65906894201967,48.286594154041765,98.6575240450146,1.6482306378875249,1.6370950859087276e-25,0.003801012149254802,0.006591243622497021,0.010392255771751823,8.865898763226758e-05,0.00600139161949116,21.117665179402113,0.09447505247047112,0.007517103795212049,0.05536409642839479,0.0064648747270526176,57.66963880526024,4.588604604025238,33.79545562891397,3.946300961800573
61,8.853210383323822e-05,0.006758596251155836,0.009639880210407707,0.016398476461563543,10.204766857309423,10.368619829348814,0.0009174314155606657,0.00010091745571167323,4.5871570778033285e-05,3.8990835161328296e-05,0.01731269683940138,0.01616205424613502,0.1638529747839211,10.368619832093344,0.2042974876085143,51.71867236641459,46.89225658302503,76.83435735459575,105.65994826906395,48.28132763358541,98.63753933945034,1.6487008565396781,6.875799360816656e-26,0.0037595811168279246,0.006565537772369283,0.010325118889197207,8.853210383323822e-05,0.006073357572366336,21.733854147022072,0.09386471717452007,0.007506257036405446,0.05601717887454159,0.006464821698454008,57.285940214575234,4.58109292571845,34.1874652861283,3.945501573578023
62,8.840479635730359e-05,0.006748092704979589,0.009655100087364353,0.016403192792343944,10.368619829348814,10.532503584174803,0.000916101340977325,0.00010077114750750575,4.5805067048866255e-05,3.8934306991536315e-05,0.01731608879558084,0.016161921238676685,0.1638837575462056,10.53250358689502,0.2042789995513662,51.72376965614609,46.89319384059561,76.85032809939389,105.66079918382835,48.27623034385391,98.61820036753782,1.6491597588701248,2.887835731542996e-26,0.0037186016826545004,0.006539932175057043,0.010258533857711543,8.840479635730359e-05,0.006144658934632402,22.35716052012104,0.09325939870646857,0.007495374607996296,0.05666421573627005,0.006464768495470674,56.905821603568555,4.5735921120084395,34.57585826972149,3.944728014701511
63,8.827706753428372e-05,0.0067376120718216,0.009670184036026245,0.016407796107847844,10.532503584174803,10.696417054905917,0.000914766931679009,0.00010062436248469099,4.573834658395045e-05,3.887759459635789e-05,0.017319363413893236,0.016161787797746855,0.16391347342721907,10.696417057602021,0.20426112943367386,51.728697452529545,46.894099846213415,76.86574789035625,105.66162165786493,48.271302547470455,98.59950777580895,1.6496073175382129,1.2128910072480584e-26,0.0036780689243135663,0.00651442643957432,0.010192495363887886,8.827706753428372e-05,0.006215300743959958,22.987518301270466,0.09265904876261714,0.0074844567137373474,0.05730525283176584,0.006464715119098742,56.52924486635301,4.566102198463019,34.960672624151634,3.9439803110323375
64,8.81489197330742e-05,0.006727153803484844,0.009685132336969467,0.016412286140454313,10.696417054905917,10.860359172457283,0.0009134282129622726,0.00010047710342584999,4.5671410648113635e-05,3.882069905089659e-05,0.017322520451853434,0.01616165392587518,0.1639421202235631,10.86035917512948,0.20424387785193468,51.73345550181817,46.894974562035664,76.88061557530186,105.66241566371849,48.26654449818183,98.5814621882162,1.6500435060187386,5.094142230441846e-27,0.0036379779730385483,0.00648902017645998,0.010126998149498528,8.81489197330742e-05,0.006285287990955785,23.62486199233935,0.0920636195408957,0.007473503560600413,0.057940335551716904,0.006464661570350072,56.156172321884824,4.558623220444516,35.34194597014199,3.943258487528648
65,8.802035536094864e-05,0.006716717359489312,0.00969994527113215,0.016416662630621463,10.860359172457283,11.024328865617608,0.0009120852105100032,0.00010032937315610035,4.560426052550016e-05,3.876362144667514e-05,0.017325559675441415,0.016161519625629953,0.16396969580881032,11.024328868266092,0.20422724538147388,51.7380435590485,46.89581795154534,76.89493004220198,105.66318117491183,48.2619564409515,98.56406420656207,1.6504682985982413,2.1395397367855757e-27,0.0035983240131324283,0.006463712997771786,0.010062037010904214,8.802035536094864e-05,0.006354625619717249,24.269126589847172,0.09147306373549285,0.007462515358718208,0.058569508864347246,0.0064646078502519815,55.7865667093455,4.551155213106907,35.71971550928511,3.9425625682624634
66,8.789137686286881e-05,0.006706302207014492,0.009714623119835297,0.01642092532684979,11.024328865617608,11.18832506112574,0.0009107379503841866,0.00010018117454226052,4.5536897519209336e-05,3.8706362891327934e-05,0.01732848085905843,0.01616138489961737,0.16399619813310537,11.188325063750714,0.2042112325768318,51.742461387947955,46.89662997952912,76.90869021897795,105.66391816591978,48.257538612052045,98.54731441091201,1.650881670371266,8.986066894499418e-28,0.003559102281389285,0.006438504517080476,0.009997606798469762,8.789137686286881e-05,0.006423318528380028,24.920247580371463,0.09088733453154328,0.007451492321325163,0.05919281732038997,0.006464553959846948,55.420391183566196,4.543698211392228,36.094018028605085,3.941892576436484
67,8.776198672079105e-05,0.006695907820841986,0.00972916616480312,0.016425073985645106,11.18832506112574,11.352346683746845,0.0009093864590188996,0.00010003251049207895,4.546932295094498e-05,3.864892450830323e-05,0.017331283785482907,0.016161249750480843,0.16402162522276423,11.352346686348504,0.20419583997217577,51.74670876084322,46.89741061206241,76.92189507329785,105.66462661215928,48.25329123915678,98.5312133600165,1.6512835972365896,3.774148095689756e-28,0.0035203080665221417,0.006413394349463862,0.009933702415986003,8.776198672079105e-05,0.006491371569659102,25.578160936009454,0.09030638559987275,0.007440434664700088,0.05981030505799903,0.006464499900192338,55.057609310494335,4.53625225002797,36.46488990507703,3.9412485344006596
68,8.763218745298372e-05,0.00668553368329826,0.00974357468818288,0.01642910837148114,11.352346683746845,11.516392656348176,0.000908030763213187,9.988338395345057e-05,4.5401538160659354e-05,3.859130743656045e-05,0.01733396824582599,0.01616111418090027,0.1640459751798691,11.516392658926714,0.20418106808167893,51.750785458569105,46.89815981648797,76.93454361237119,105.66530648996459,48.249214541430895,98.51576159171435,1.6516740558934124,1.5851422001896978e-28,0.0034819367085970505,0.006388382111500952,0.009870318820098003,8.763218745298372e-05,0.006558789551383136,26.242803109893064,0.08973017109180002,0.007429342608107893,0.060422015807601086,0.006464445672360109,54.69818506270263,4.528817363523823,36.83236711010498,3.9406304636685734
69,8.750198161334282e-05,0.006675179284197537,0.009757848972564253,0.016433028256761788,11.516392656348176,11.680461899974421,0.0009066708901239888,9.973379791363877e-05,4.533354450619944e-05,3.853351283026953e-05,0.01733653403948672,0.01616097819359135,0.16406924618186125,11.680461902530038,0.2041669173999121,51.75469127037818,46.89887756139908,76.94663488274192,105.66595777657254,48.24530872962182,98.50095962333957,1.652053023837513,6.657597240796731e-29,0.003443983598473343,0.006363467421266099,0.009807451019739441,8.750198161334282e-05,0.006625577237022347,26.914111031756633,0.08915864563399492,0.007418216373741726,0.06102799289668809,0.006464391277436541,54.342082814940056,4.521393586168528,37.19648521395783,3.940038384933602
70,8.737137179070968e-05,0.00666484412078482,0.009771989300998206,0.016436833421783027,11.680461899974421,11.84455333392267,0.0009053068672592583,9.958375539851841e-05,4.5265343362962914e-05,3.847554185851848e-05,0.017338980974107066,0.016160841791304878,0.16409143648113164,11.844553336455553,0.2041533884022282,51.75842599385123,46.89956381662233,76.95816797008044,105.66658045010693,48.24157400614877,98.48680795212124,1.6524204793573736,2.7961908411346276e-29,0.003406444177249983,0.006338649898323161,0.009745094075573144,8.737137179070968e-05,0.006691739346209882,27.59202210355669,0.08859176432339222,0.007407056186666658,0.06162827925455083,0.006464336716521951,53.9892673397244,4.513980952027544,37.557279390163224,3.939472318084841
71,8.72403606082002e-05,0.006654527697679066,0.00978599595701541,0.016440523654694478,11.84455333392267,12.008665875816936,0.0009039387224708729,9.943325947179603e-05,4.519693612354365e-05,3.84173957050121e-05,0.017341308865526466,0.01616070497682604,0.16411254440460737,12.008665878327278,0.20414048154512587,51.76198943480814,46.90021855319686,76.96914199897333,105.66717448955453,48.23801056519186,98.47330705557135,1.652776401530268,1.1744001532765438e-29,0.0033693139357179585,0.0063139291637197,0.009683243099437659,8.72403606082002e-05,0.006757280555256819,28.27647419514319,0.08802948272216053,0.007395862274761687,0.062222917416954716,0.006464281990730417,53.63970380297702,4.5065794949396025,37.914784419860496,3.9389322822228663
72,8.710895072252727e-05,0.006644229526816484,0.009799869224644164,0.016444098751460648,12.008665875816936,12.17279844168228,0.0009025664839477683,9.928231323425451e-05,4.5128324197388416e-05,3.835907556778015e-05,0.017343517537736167,0.01616056775297373,0.16413256835333648,12.172798444170272,0.20412819726663867,51.76538140721969,46.90084174336092,76.97955613271196,105.66773987475732,48.23461859278031,98.46045739188138,1.6531207702183175,4.932480643761484e-30,0.0033325884138186326,0.006289304839981194,0.009621893253799826,8.710895072252727e-05,0.006822205497660822,28.967405639981525,0.0874717568527257,0.007384634868663559,0.06281194953075772,0.006464227101189492,53.29335775969875,4.499189248514214,38.26903469611178,3.938418295675252
73,8.697714482333286e-05,0.006633949127393989,0.009813609388427857,0.016447558515821845,12.17279844168228,12.336949946018521,0.0009011901802090704,9.913091982299774e-05,4.505950901045352e-05,3.830058265888549e-05,0.01734560682283334,0.01616043012259986,0.1641515068020703,12.336949948484351,0.20411653598668333,51.768601733119944,46.90143336053037,76.98940957307977,105.66827658638654,48.231398266880056,98.44825940029679,1.6534535660645178,2.0716418703798236e-30,0.0032962632001080094,0.006264776551105267,0.009561039751213276,8.697714482333286e-05,0.006886518764608569,29.664755230924715,0.08691854319284796,0.0073733742017105764,0.06339541735847183,0.006464172049039945,52.950195149687,4.491810246129025,38.62006422817209,3.9379303760118867
74,8.684494563252417e-05,0.006623686025812789,0.009827216733441972,0.01645090275925476,12.336949946018521,12.501119301873509,0.0008998098400971854,9.897908241069039e-05,4.499049200485927e-05,3.824191820413038e-05,0.01734757656097475,0.01616029208858867,0.16416935829884227,12.501119304317363,0.2041054981074364,51.77165024251929,46.90199337928482,76.99870156013742,105.6687846059338,48.22834975748071,98.4367135015026,1.6537747704887282,8.70089585559526e-31,0.003260333931226832,0.006240343922555957,0.009500677853782788,8.684494563252417e-05,0.006950224905471971,30.368462216035162,0.08636979867075262,0.007362080509886062,0.06397336228276815,0.006464116835435468,52.610182293294436,4.484442520926867,38.96790664571861,3.9374685400601055
75,8.671235590360885e-05,0.006613439755622121,0.00984069154531062,0.01645413130093274,12.501119301873509,12.665305420915987,0.000898425492771028,9.882680420481307e-05,4.49212746385514e-05,3.818308344276869e-05,0.017349426600330273,0.016160153653856056,0.16418612146454492,12.665305423338053,0.20409508401367954,51.774526773318264,46.90252177534815,77.00743137200737,105.66926391568892,48.225473226681736,98.42582009799062,1.6540843656836348,3.6543762593500095e-31,0.0032247962913764597,0.006216006581257988,0.009440802872634449,8.671235590360885e-05,0.007013328428298292,31.078466294455353,0.08582548066031317,0.007350754031762956,0.06454582531092637,0.0064640614615424224,52.27328588722812,4.477086105813341,39.31259520303894,3.937032803919606
76,8.65793784210378e-05,0.0066032098574631245,0.009854034110222622,0.016457243967685747,12.665305420915987,12.829507213508029,0.0008970371676992545,9.8674088446918e-05,4.485185838496273e-05,3.812407962721832e-05,0.017351156797036114,0.016160014821348878,0.1642017949925042,12.82950721590849,0.20408529407315426,51.77723117122195,46.903018525572236,77.01559832465634,105.66971449872521,48.22276882877805,98.41557957442905,1.6543823346106785,1.5348380289270042e-31,0.0031896460118004564,0.006191764155591082,0.009381410167391538,8.65793784210378e-05,0.0070758338002942095,31.794707612326878,0.08528554697628671,0.007339395008448446,0.06511284707922951,0.006464005928539551,51.93947300038955,4.469741033454286,39.65416278317902,3.936623182977161
77,8.644601599955137e-05,0.006592995879012869,0.009867244714947133,0.016460240593960004,12.829507213508029,12.993723588777039,0.0008956448946534881,9.85209384118837e-05,4.478224473267441e-05,3.806490802277325e-05,0.017352767015147697,0.016159875594044304,0.16421637764805133,12.99372359115608,0.20407612863691554,51.77976328965506,46.90348360792174,77.02320177167655,105.67013633888682,48.22023671034494,98.4059922980287,1.6546686609959556,6.446319721493418e-32,0.0031548788702718314,0.006167616275384277,0.009322495145656109,8.644601599955137e-05,0.007137745448303895,32.51712675875722,0.08474995586960099,0.00732800368352854,0.06567446785730405,0.006463950237617722,51.608711069755266,4.462407336273075,39.99264190205049,3.936239691921146
78,8.631227148352648e-05,0.006582797374928522,0.00988032364684883,0.01646312102177735,12.993723588777039,13.157953454687329,0.0008942487037016587,9.836735740718246e-05,4.471243518508294e-05,3.80055699073205e-05,0.01735425712659237,0.01615973597494912,0.1642298682680921,13.157953457045132,0.20406758803966435,51.78212298967787,46.90391700145552,77.03024110406595,105.67052942076816,48.21787701032213,98.39705861889617,1.6549433293260876,2.7074542830272354e-32,0.0031204906905858685,0.006143562571910278,0.009264053262496146,8.631227148352648e-05,0.007199067759281206,33.245664761833694,0.08421866602269223,0.007316580303013571,0.06623072755240665,0.006463894389979648,51.280967896297646,4.455085046448335,40.328064712498154,3.9358823447558624
79,8.617814774633056e-05,0.006572613906791661,0.009893271193902637,0.0164658851006943,13.157953454687329,13.322195718111255,0.0008928486252013128,9.821334877214441e-05,4.464243126006565e-05,3.7946066571055796e-05,0.017355627011121814,0.016159595967099084,0.1642422657606743,13.322195720448002,0.2040596726000952,51.784310139902615,46.9043186863124,77.03671575000655,105.67089372970317,48.215689860097385,98.38877887039202,1.6552063248440632,1.1371307988714389e-32,0.0030864773420584825,0.006119602677879828,0.00920608001993831,8.617814774633056e-05,0.00725980508075599,33.980263084683926,0.08369163654489373,0.0073051251152834685,0.06678166571365746,0.006463838386839634,50.956211640945725,4.447774195911383,40.66046300832722,3.9355511548156663
80,8.60436476896767e-05,0.006562445043052741,0.009906087644708027,0.01646853268776077,13.322195718111255,13.486449284899939,0.0008914446897930986,9.805891587724086e-05,4.4572234489654933e-05,3.78863993162067e-05,0.017356876556264236,0.016159455573558263,0.16425356910455274,13.486449287215807,0.20405238262121622,51.78632461641071,46.90468864369226,77.04262517464218,105.67122925174348,48.21367538358929,98.38115336947276,1.6554576335450446,4.775949355260044e-33,0.003052834739030045,0.006095736227436097,0.009148570966466141,8.60436476896767e-05,0.007319961721294628,34.72086362158235,0.08316882696787402,0.007293638371034444,0.06732732153622095,0.006463782229423305,50.6344108205858,4.440474816344359,40.98986822829093,3.935246134778902
81,8.590877424298909e-05,0.00655229035897572,0.009918773288502878,0.0164710636474786,13.486449284899939,13.650713059953521,0.0008900369283940266,9.790406212334292e-05,4.450184641970133e-05,3.782656945674613e-05,0.017358005657276212,0.016159314797418355,0.16426377734875108,13.65071306224869,0.20404571839069222,51.78816630267049,46.905026855843175,77.04796887985398,105.67153597365039,48.21183369732951,98.37418241704182,1.6556972421721587,2.0058987292092186e-33,0.0030195588403746174,0.006071962856149096,0.009091521696523714,8.590877424298909e-05,0.007379541950954886,35.46740869410214,0.08265019724112467,0.0072821203232238535,0.06786773386543522,0.0064637259189673415,50.31553430410205,4.4331869391771415,41.316311460039145,3.934967296681666
82,8.577353036276021e-05,0.006542149436582814,0.009931328415176896,0.01647347785175971,13.650713059953521,13.814985947290998,0.0008886253721910698,9.774879094101768e-05,4.443126860955349e-05,3.776657831812047e-05,0.017359014217094435,0.01615917364179806,0.1642728896121232,13.814985949565644,0.20403968018115945,51.78983508945585,46.90533330604372,77.0527464040356,105.6718138828756,48.21016491054415,98.36786629828383,1.6559251382122473,8.424774662678719e-34,0.002986645649014534,0.006048282201010115,0.00903492785002465,8.577353036276021e-05,0.007438550001735062,36.219841047311924,0.08213570772749682,0.007270571227017844,0.0684029412008893,0.006463669456719225,49.999551308456,4.4259105955857505,41.639823444026895,3.934714651931351
83,8.563791903192358e-05,0.006532021864599416,0.00994375331528461,0.016475775179884026,13.814985947290998,13.97926685011961,0.0008872100526346294,9.759310578980924e-05,4.436050263173147e-05,3.7706427236971754e-05,0.017359902146287114,0.016159032109842417,0.1642809050829107,13.97926685237391,0.20403426825054774,51.79133087476535,46.90560797858786,77.05695732186648,105.6720629675475,48.20866912523465,98.36220528300026,1.656141309891595,3.5384053583250623e-34,0.0029540912114402757,0.006024693900426176,0.008978785111866451,8.563791903192358e-05,0.0074969900680175745,36.97810384601687,0.08162531919878592,0.007258991339737878,0.06893298170044998,0.006463612843936967,49.686431394805474,4.418645816489961,41.96043457738456,3.934488211320028
84,8.550194325922548e-05,0.006521907238399177,0.00995604828005795,0.016477955518457127,13.97926685011961,14.143554670903784,0.0008857910014320856,9.743701015752942e-05,4.428955007160428e-05,3.7646117560863644e-05,0.01736066936300523,0.01615889020472216,0.16428782301830003,14.14355467313791,0.20402948284239883,51.79265356374214,46.905850858770314,77.06060124408455,105.67228321645833,48.20734643625786,98.35719962594048,1.6563457461716353,1.4861302504965263e-34,0.0029218916172355767,0.006001197594214513,0.00892308921145009,8.550194325922548e-05,0.0075548663070070365,37.7421406710435,0.08111899283136446,0.007247380920807973,0.06945789318423874,0.006463556081888864,49.376144464662254,4.411392632551158,42.27817491774897,3.93428798503763
85,8.536560607860096e-05,0.006511805159949225,0.009968213601418394,0.01648001876136762,14.143554670903784,14.307848311433633,0.0008843682505413703,9.728050755955073e-05,4.421841252706852e-05,3.7585650648008236e-05,0.017361315792933454,0.01615874792963309,0.16429364274397554,14.30784831364776,0.2040253241861702,51.79380306859436,46.906061932869626,77.06367781725697,105.67247461904621,48.20619693140564,98.352849567124,1.656538436744622,6.241747052085412e-35,0.002890042998607709,0.005977792923597076,0.008867835922204786,8.536560607860096e-05,0.007612182839162835,38.511895515567645,0.08061669020186168,0.007235740231702121,0.06997771313855851,0.006463499171853236,49.0686607560887,4.404151074170183,42.59307418705616,3.934113982684972
86,8.522891054855297e-05,0.006501715237755551,0.009980249571988713,0.016481964809744266,14.307848311433633,14.472146672893006,0.0008829418321646623,9.712360153811286e-05,4.414709160823312e-05,3.752502786699815e-05,0.017361841369241016,0.01615860528779542,0.16429836365367287,14.472146675087306,0.20402179249754848,51.79477930851649,46.90624118813479,77.06618672355064,105.67263716538467,48.20522069148351,98.34915533216379,1.6567193720292819,2.621533761875873e-35,0.0028585415299228847,0.0059544795311950475,0.008813021061117933,8.522891054855297e-05,0.007668943748626334,39.287312781485134,0.0801183732828903,0.007224069535892692,0.0704924787197717,0.006463442115118167,48.763950839932335,4.396921171485568,42.90516177529553,3.9339662132865545
87,8.509185975153963e-05,0.006491637086808553,0.009992156485104282,0.016483793571912833,14.472146672893006,14.636448655927092,0.000881511778742011,9.696629566162121e-05,4.407558893710055e-05,3.7464250596535465e-05,0.017362246032532183,0.016158462282453153,0.16430198520872838,14.636448658101735,0.20401888797874665,51.795582209611126,46.90638861276917,77.06812768050088,105.67277084616615,48.204417790388874,98.34611713258049,1.6568885431664373,1.1010441799878667e-35,0.002827383427246725,0.0059312570610233865,0.008758640488270112,8.509185975153963e-05,0.0077251530836427214,40.06833727582456,0.0796240044388192,0.007212369098798271,0.07100222675812964,0.006463384912981261,48.46198561609909,4.389702954371315,43.214466744226364,3.93384468530323
88,8.495445679336077e-05,0.0064815703285287275,0.010003934634824005,0.016485504963352732,14.636448655927092,14.800753160709565,0.0008800781229450704,9.680859352395775e-05,4.4003906147253524e-05,3.74033202251655e-05,0.017362529730796657,0.01615831891687346,0.1643045069376281,14.80075316286472,0.20401661081880826,51.7962117048115,46.9065041959172,77.06950044077928,105.67287565269127,48.2037882951885,98.34373516611697,1.6570459420146095,4.6243855559490405e-36,0.002796564947889736,0.005908125158485395,0.008704690106375132,8.495445679336077e-05,0.0077808148569776005,40.85491420720166,0.07913354642159211,0.007200639187732395,0.07150699376155419,0.006463327566749384,48.16273630986405,4.382496452435015,43.52101783105625,3.9337494066446625
89,8.481670480255056e-05,0.006471514590712532,0.010015584315940823,0.016487098906653355,14.800753160709565,14.965059087009285,0.0008786408976708981,9.665049874379879e-05,4.3932044883544905e-05,3.7342238151013174e-05,0.017362692419359716,0.016158175194346043,0.16430592843555403,14.96505908914512,0.2040149611938899,51.79666773380468,46.90658792764722,77.07030479196064,105.6729515768497,48.20333226619532,98.34200961704019,1.6571915611455905,1.9422419334985972e-36,0.002766082389957738,0.005885083470367302,0.00865116586032504,8.481670480255056e-05,0.007835933046328316,41.64698918231475,0.07864696236659127,0.007188880071852802,0.07200681591937153,0.006463270077738417,47.86617446822017,4.375301695016141,43.82484345208206,3.9336803846816255
90,8.467860692977607e-05,0.006461469507478407,0.01002710582399183,0.016488575331470235,14.965059087009285,15.129365334256532,0.0008772001360356993,9.649201496392692e-05,4.386000680178497e-05,3.7281005781517224e-05,0.01736273406083214,0.016158031118182523,0.16430624936392882,15.129365336373214,0.20401393926756967,51.79695024295539,46.90663979894147,77.07054055628848,105.67299861111628,48.20304975704461,98.34094065645338,1.657325393840001,8.157416120694109e-37,0.002735932091907199,0.005862131644832869,0.008598063736740068,8.467860692977607e-05,0.007890511594730167,42.44450820248074,0.07816421578854607,0.007177092022110267,0.07250172910599949,0.006463212447273009,47.572271956264345,4.368118711183909,44.125971706293626,3.933637626258127
91,8.454016634723559e-05,0.006451434719212949,0.01003849945526798,0.01648993417448093,15.129365334256532,15.293670801608798,0.000875755871368782,9.633314585056603e-05,4.3787793568439103e-05,3.721962453317324e-05,0.01736265462506007,0.01615788669171583,0.16430546944995972,15.293670803706492,0.20401354519110915,51.797059185230545,46.906659801676405,77.07020759044026,105.67301674852587,48.202940814769455,98.34052844258328,1.6574474340828167,3.4261147706915262e-37,0.0027061104321054103,0.005839269331418021,0.00854537976352343,8.454016634723559e-05,0.0079445544109575,43.24741766021121,0.07768527057748574,0.007165275311199126,0.07299176888458851,0.0064631546766863324,47.281000953620286,4.360947529735982,44.424430378940386,3.933621137703348
92,8.440138624806819e-05,0.006441409872517269,0.010049765506823426,0.016491175379340695,15.293670801608798,15.457974388016108,0.0008743081372063609,9.61738950926997e-05,4.371540686031805e-05,3.715809583127034e-05,0.01736245408907449,0.01615774191829959,0.16430358848617885,15.457974390094977,0.20401377910375773,51.79699452012435,46.9066479286139,77.06930578529068,105.67300598267198,48.20300547987565,98.34077312108575,1.6575576765588764,1.438968203690441e-37,0.002676613828395461,0.005816496181025491,0.008493110009420952,8.440138624806819e-05,0.007998065369919743,44.05566433582799,0.07721009099473593,0.007153430213506589,0.07347697051061645,0.006463096767319836,46.99233395089895,4.3537881791963,44.720246945061284,3.9336309248434396
93,8.426226984576e-05,0.0064313946201534885,0.010060904276484444,0.016492298896637933,15.457974388016108,15.622274992285883,0.0008728569672855229,9.601426640140752e-05,4.364284836427615e-05,3.7096421109634724e-05,0.017362132437040663,0.016157596801307506,0.16430060632998358,15.622274994346093,0.20401464113301285,51.796756213584075,46.90660417338335,77.06783506567457,105.67296630768509,48.203243786415925,98.34167482532777,1.6576561166483692,6.043666455499853e-38,0.0026474387376659507,0.005793811845919491,0.008441250583585441,8.426226984576e-05,0.008051048313052492,44.86919539411782,0.07673864166895855,0.00714155700506337,0.07395736893543865,0.006463038720523002,46.70624374619508,4.346640687813512,45.01344857297828,3.933666993013128
94,8.41228203735578e-05,0.006421388620991424,0.010071916062857995,0.01649330468384942,15.622274992285883,15.786571513147347,0.000871402395538284,9.585426350921123e-05,4.35701197769142e-05,3.703460181037707e-05,0.01736168966020743,0.01615745134413278,0.1642965229031752,15.786571515189058,0.20401613139490501,51.796344237936644,46.90652853047075,77.06579539014929,105.67289771822614,48.203655762063356,98.34323367667888,1.6577427504222975,2.5383399113099387e-38,0.002618581655425392,0.005771215979720405,0.008389797635145798,8.41228203735578e-05,0.00810350704870362,45.68795838102553,0.07627088759223452,0.007129655963495051,0.07443299880979252,0.006462980537653112,46.42270344162013,4.339505083559661,45.304062127753056,3.933729347067155
95,8.398304108389101e-05,0.006411391539955428,0.010082801165339893,0.01649419270529532,15.786571513147347,15.950862849315468,0.0008699444560855454,9.569389016940999e-05,4.349722280427727e-05,3.697263938363568e-05,0.017361125756856204,0.016157305550187507,0.16429133819149502,15.950862851338842,0.20401824999425888,51.79575857181556,46.90642099520303,77.0631867507553,105.67280020946944,48.20424142818444,98.34544978478944,1.6578175746379213,1.0661027627501743e-38,0.002590039115381255,0.005748708237399496,0.008338747352780751,8.398304108389101e-05,0.008155445352514569,46.51190122038538,0.07580679411618865,0.007117727367972644,0.07490389448725872,0.006462922220075003,46.1416864398716,4.332381394128246,45.592114174608575,3.933817991391571
96,8.384293524779142e-05,0.006401403047971405,0.010093559884122612,0.016494962932094015,15.950862849315468,16.115147899554433,0.0008684831832312207,9.553315015543428e-05,4.342415916156104e-05,3.6910535287326885e-05,0.017360440732249908,0.016157159422902075,0.16428505224415998,16.115147901559627,0.20402099702496648,51.79499920008873,46.90628156373635,77.06000917277649,105.67267377709446,48.20500079991127,98.34832324787203,1.6578805867341808,4.477631603550733e-39,0.002561807689023599,0.005726288275273638,0.008288095964297236,8.384293524779142e-05,0.008206866967796779,47.34097221068984,0.0753463269481567,0.007105771499164534,0.0753700900276779,0.00646286376916083,45.863166440837965,4.325269646932915,45.87763098231425,3.9339329299148527
97,8.370250615432168e-05,0.006391422821913986,0.010104192520202705,0.01649561534211669,16.115147899554433,16.279425562740652,0.0008670186114563289,9.537204726019618e-05,4.3350930572816446e-05,3.684829098689398e-05,0.017359634598581707,0.016157012965724585,0.16427766517339626,16.27942556472783,0.20402437257023942,51.794066113786776,46.90611023304072,77.05626271449937,105.67251841726846,48.205933886213224,98.35185415297096,1.6579317848271011,1.880605273491308e-39,0.002533883985213242,0.00570395575100007,0.008237839736213313,8.370250615432168e-05,0.008257775605903378,48.17512002189561,0.07488945214739376,0.007093788639188146,0.07583161920052454,0.0064628051862898345,45.58711743823934,4.318169869105822,46.16063852653598,3.9340741661188683
98,8.356175711000534e-05,0.006381450544553892,0.010114699375387873,0.016496149919941763,16.279425562740652,16.443694737925313,0.0008655507754132358,9.521058529545593e-05,4.327753877066179e-05,3.678590795506252e-05,0.01735870737492368,0.016156866182120276,0.16426917715397246,16.443694739894624,0.20402837670288704,51.792959310032174,46.90590700089156,77.0519474669721,105.67233412664544,48.207040689967826,98.35604257624158,1.657971167705177,7.898542148663495e-40,0.0025062646497744177,0.00568171032357117,0.008187974973345589,8.356175711000534e-05,0.008308174946596174,49.01429369226623,0.07443613612132353,0.007081779071562838,0.076288515488238,0.006462746472848111,45.31351371630309,4.311082087496524,46.44116249315074,3.9342417030496613
99,8.342069143826603e-05,0.006371485904505455,0.010125080752303658,0.016496566656809115,16.443694737925313,16.607954324396438,0.0008640797099197624,9.504876809117386e-05,4.3203985495988125e-05,3.6723387671589906e-05,0.017357659087175167,0.01615671907557093,0.1642595884227299,16.607954326348043,0.20403300948554143,51.79167879196872,46.905671865849854,77.04706355376145,105.67212090233869,48.20832120803128,98.36088858320274,1.657998734824738,3.317387702438668e-40,0.0024789463650918765,0.005659551653309242,0.008138498018401118,8.342069143826603e-05,0.008358068638407996,49.85844262525086,0.07398634562182835,0.007069743081161693,0.07674081208951149,0.006462687630228373,45.042329846475056,4.304006328670063,46.71922828152677,3.934435543328124
